mol_id,ic50_uM,unit,pIC50,source,assay_type
TAM1,0.26,uM,6.5850,Aggarwal_2017,Pks13-TE enzymatic IC50
TAM2,0.12,uM,6.9208,Aggarwal_2017,Pks13-TE enzymatic IC50
TAM3,0.24,uM,6.6198,Aggarwal_2017,Pks13-TE enzymatic IC50
TAM4,0.28,uM,6.5528,Aggarwal_2017,Pks13-TE enzymatic IC50
TAM5,0.71,uM,6.1487,Aggarwal_2017,Pks13-TE enzymatic IC50
TAM11,19.6,uM,4.7077,Aggarwal_2017,Pks13-TE enzymatic IC50
TAM12,0.29,uM,6.5376,Aggarwal_2017,Pks13-TE enzymatic IC50
TAM13,0.17,uM,6.7696,Aggarwal_2017,Pks13-TE enzymatic IC50
TAM14,35.8,uM,4.4461,Aggarwal_2017,Pks13-TE enzymatic IC50
TAM15,2.0,uM,5.6990,Aggarwal_2017,Pks13-TE enzymatic IC50
TAM16,0.19,uM,6.7212,Aggarwal_2017,Pks13-TE enzymatic IC50
TAM17,0.36,uM,6.4437,Aggarwal_2017,Pks13-TE enzymatic IC50
X20403,0.057,uM,7.2430,Krieger_2024,Pks13-TE enzymatic IC50
